index,published,keyword,domain,language,valid,title,description,url,image,archive,content,quote
d1b9d1e7eaf706917363be3a13b5d5d3,2025-11-01T07:45:52Z,'fog flights',english.khabarhub.com,en,1,Flights to Lukla halted for three days due to adverse weather,"LUKLA: Flights to Tenzing-Hillary Airport in Lukla, the gateway to Mount Everest, have been suspended for the past three days due to continuous rainfall and fog covering the sky. With flights halted, hotels from Lukla to Namche Bazaar are now fully occupied b…",https://english.khabarhub.com/2025/01/503768/,https://english.khabarhub.com/wp-content/uploads/2024/06/lukla-airport1-jpg.webp,,"LUKLA: Flights to Tenzing-Hillary Airport in Lukla, the gateway to Mount Everest, have been suspended for the past three days due to continuous rainfall and fog covering the sky.

With flights halted… [+2510 chars]",
776c6d82d97713e5708f1385244773bc,2025-11-07T19:44:36Z,'fog light',freerepublic.com,en,0,Illegal Migrant Truck Drivers Threaten American Lives,"See the old man with the kindly eyes? There’s nothing kindly about them. And there’s nothing kind about what’s waiting for you and your family out on the highways. Just listen: On November 8, 1994 there was a light drizzle and fog on the Illinois expressways …",https://freerepublic.com/focus/f-news/4351328/posts,,,"Skip to comments.
Illegal Migrant Truck Drivers Threaten American Lives
JohnKassNews.com ^
 | November 5th, 2025
 | John Kass
Posted on 11/07/2025 11:44:36 AM PST by E. Pluribus Unum
See the ol… [+3087 chars]",
