,phrase,label,sentiment,subjectivity,language,count
Delhi,,,,,,
India,,,,,,
North India,,,,,,
Delhi-NCR,,,,,,
Mumbai,,,,,,
Noida,,,,,,
Uttar Pradesh,,,,,,
U.S.,,,,,,
Chandigarh,,,,,,
Punjab,,,,,,
Texas,,,,,,
Ukraine,,,,,,
Lucknow,,,,,,
Jharkhand,,,,,,
California,,,,,,
Hyderabad,,,,,,
Haryana,,,,,,
Midwest,,,,,,
Chennai,,,,,,
New Delhi,,,,,,
Russia,,,,,,
Japan,,,,,,
Northeast,,,,,,
North,,,,,,
Kashmir,,,,,,
Pokrovsk,,,,,,
Himachal,,,,,,
US,,,,,,
Gurgaon,,,,,,
Tarai,,,,,,
Lukla,,,,,,
Bihar,,,,,,
Sarajevo,,,,,,
NEW DELHI,,,,,,
Ranchi,,,,,,
Bengaluru,,,,,,
Canada,,,,,,
Minnesota,,,,,,
Jammu,,,,,,
Tamil Nadu,,,,,,
Nepal,,,,,,
Rajasthan,,,,,,
Florida,,,,,,
Houston,,,,,,
Ireland,,,,,,
UK,,,,,,
Kolkata,,,,,,
Malaysia,,,,,,
Northern India,,,,,,
Madhya Pradesh,,,,,,
Himachal Pradesh,,,,,,
Galveston,,,,,,
Bosnia-Herzegovina,,,,,,
SARAJEVO,,,,,,
Kansas,,,,,,
Maine,,,,,,
Mohali,,,,,,
Nepals,,,,,,
Terai,,,,,,
New York,,,,,,
Brooklyn,,,,,,
Italy,,,,,,
Mount Everest,,,,,,
Venezuela,,,,,,
NCR,,,,,,
Southern California,,,,,,
Pradesh,,,,,,
China,,,,,,
London,,,,,,
Donetsk,,,,,,
Tripura,,,,,,
Illinois,,,,,,
Liverpool,,,,,,
Vijayawada,,,,,,
Uttarakhand,,,,,,
Srinagar,,,,,,
Overland Park,,,,,,
Underground,,,,,,
Himalayas,,,,,,
Arctic,,,,,,
Doeskin,,,,,,
Argentina,,,,,,
Fresno,,,,,,
Kathmandu,,,,,,
Maharashtra,,,,,,
Wales,,,,,,
Gunma Prefecture,,,,,,
Jaleshwor,,,,,,
PORTLAND,,,,,,
Minakami,,,,,,
Eastern,,,,,,
Oyster,,,,,,
Karnataka,,,,,,
Will Delhi,,,,,,
Louth,,,,,,
Monaghan,,,,,,
Cavan,,,,,,
Ghaziabad,,,,,,
Northern,,,,,,
England,,,,,,
Telangana,,,,,,
Colorado,,,,,,
Washington,,,,,,
Oregon,,,,,,
San Francisco,,,,,,
Bengal,,,,,,
HOUSTON,,,,,,
Wisconsin,,,,,,
Philippines,,,,,,
Nevada,,,,,,
Earth,,,,,,
America,,,,,,
Arizona,,,,,,
Pennsylvania,,,,,,
North Carolina,,,,,,
South Carolina,,,,,,
the Saudi Arabia season,,,,,,
Indiana,,,,,,
Kilkenny,,,,,,
Norway,,,,,,
Bayfield,,,,,,
Lake Superior,,,,,,
WASHINGTON,,,,,,
Los Angeles,,,,,,
U.S. Alpine,,,,,,
Bareilly,,,,,,
Carpathians,,,,,,
Faridabad,,,,,,
Nuh,,,,,,
Bangalore,,,,,,
Iceland,,,,,,
St. Louis,,,,,,
Pakistan,,,,,,
Colaba,,,,,,
Assam,,,,,,
Rairangpur,,,,,,
the Bay of Bengal,,,,,,
Valley,,,,,,
Boston,,,,,,
France,,,,,,
Alaska,,,,,,
Lemmon,,,,,,
JUNEAU,,,,,,
the United States,,,,,,
New Zealand,,,,,,
the Faroe Islands,,,,,,
New Jersey,,,,,,
Wexford,,,,,,
Wicklow,,,,,,
Ivory,,,,,,
Pacific,,,,,,
Dakota,,,,,,
Zaporizhia,,,,,,
New Hampshire,,,,,,
Vermont,,,,,,
Bay Area,,,,,,
Carlow,,,,,,
Central Valley,,,,,,
Netherlands,,,,,,
New York City,,,,,,
Alabama,,,,,,
Soelden,,,,,,
Atlanta,,,,,,
Georgia,,,,,,
Berkeley,,,,,,
New South Wales,,,,,,
Denton,,,,,,
Fort Lauderdale,,,,,,
Las Vegas,,,,,,
Ozarks,,,,,,
Brescia,,,,,,
Burnet,,,,,,
Kyiv,,,,,,
Tijuana,,,,,,
Maryland,,,,,,
Black Dakota,,,,,,
Phoenix,,,,,,
San Diego County,,,,,,
NYC,,,,,,
Seattle,,,,,,
San Luis Obispo County,,,,,,
Rochester,,,,,,
Kupiansk,,,,,,
Denver,,,,,,
Thailand,,,,,,
Mars,,,,,,
the White Mountains,,,,,,
Western Maine,,,,,,
the Green Mountains,,,,,,
National Parks,,,,,,
Mississippi,,,,,,
Germany,,,,,,
Klaksvík,,,,,,
Grand Rapids,,,,,,
Italia,,,,,,
Bellroy,,,,,,
Montana,,,,,,
Haywood County,,,,,,
Türkiye,,,,,,
New Mexico,,,,,,
the north Atlantic,,,,,,
North America,,,,,,
Thamesmead,,,,,,
Florence,,,,,,
Crystal Galaxite Black,,,,,,
Berwick,,,,,,
Venus,,,,,,
Carmine Red,,,,,,
Philadelphia,,,,,,
Utah,,,,,,
Westport,,,,,,
Warminster,,,,,,
Waterford,,,,,,
Switzerland,,,,,,
Daly City,,,,,,
Jagalchi,,,,,,
Michigan,,,,,,
Mahwah,,,,,,
Vail,,,,,,
Dallas,,,,,,
Coimbatore,,,,,,
Indias,,,,,,
Shimla,,,,,,
West Germany,,,,,,
UP,,,,,,
Bandra East,,,,,,
the Bay of … Tamil Nadu,,,,,,
Karaikal,,,,,,
Bay of Bengal,,,,,,
the United Kingdom,,,,,,
Shimla Himachal Pradesh,,,,,,
Puducherry,,,,,,
Eastern India,,,,,,
the southwest Bay,,,,,,
Britain,,,,,,
Jamshedpur,,,,,,
nationsthe United States,,,,,,
Manchester,,,,,,
Sudurpaschim,,,,,,
Kurali,,,,,,
Galgibaga,,,,,,
Brentwood,,,,,,
Tri-Cities region,,,,,,
Amethi,,,,,,
Safdarjung,,,,,,
Mayurbhanj,,,,,,
Amritsar,,,,,,
Totonicapan,,,,,,
Miami,,,,,,
Calgary,,,,,,
Darjeeling,,,,,,
Santa Clara,,,,,,
cancella,,,,,,
Goa,,,,,,
mo…,,,,,,
the Central Valley,,,,,,
Donegal,,,,,,
Guwahati,,,,,,
Karnal,,,,,,
Washington State,,,,,,
Venice,,,,,,
Central Park,,,,,,
J&K,,,,,,
Ooty,,,,,,
Chhattisgarh,,,,,,
foggy ocean,,,,,,
West Uttar,,,,,,
Malibu,,,,,,
Europe,,,,,,
Munster,,,,,,
Connacht,,,,,,
Ladakh,,,,,,
West Bengal,,,,,,
Guatemala,,,,,,
Weather Ireland,,,,,,
ATLANTA,,,,,,
Oklahoma,,,,,,
Misso…,,,,,,
the Northern hemisphere,,,,,,
the Southern Hemisphere,,,,,,
Va,,,,,,
Bluetoot,,,,,,
ISTANBUL,,,,,,
regula…,,,,,,
Mediterranean,,,,,,
San Diego,,,,,,
Khabarhub,,,,,,
Atlantic City,,,,,,
"149,900British Columbia",,,,,,
Sealy,,,,,,
British Columbia’s,,,,,,
Naples,,,,,,
RM223k,,,,,,
the Great Lakes,,,,,,
Kudoyama,,,,,,
L’Echo,,,,,,
Belgium,,,,,,
Brussels,,,,,,
the San Francisco Bay Area,,,,,,
Forest River,,,,,,
StingerHawk,,,,,,
the Bay of Ranobe,,,,,,
Ambolimailaky,,,,,,
TORONTO,,,,,,
Alicante,,,,,,
Regina,,,,,,
Decatur,,,,,,
the Namib Desert,,,,,,
Parchment,,,,,,
Yundang Lake,,,,,,
Fujian Province,,,,,,
Ollama,,,,,,
KALSOY ISLAND,,,,,,
Faroe Islands,,,,,,
Ratmanov Island,,,,,,
Chukotka,,,,,,
Longreads,,,,,,
Somerset,,,,,,
U.K.,,,,,,
Northern California,,,,,,
Terra Dakota,,,,,,
Chicago,,,,,,
the Faroe Islands',,,,,,
Vágar,,,,,,
Trollstigen,,,,,,
the Bay Area,,,,,,
New Sobek,,,,,,
Charlestown,,,,,,
San Francisco's,,,,,,
Red Nappa,,,,,,
Kharkiv,,,,,,
the Troll Peninsula,,,,,,
Atmospheric river,,,,,,
SLO County,,,,,,
the Central Coast,,,,,,
Ukrainian,,,,,,
Moscow,,,,,,
Beige Dakota,,,,,,
Donbas,,,,,,
south Fl,,,,,,
SINGAPORE,,,,,,
The Republic of Ireland,,,,,,
Akureyri,,,,,,
The North Sea,,,,,,
Connecticut,,,,,,
Dublin,,,,,,
Kildare,,,,,,
Laois,,,,,,
Longford,,,,,,
Meath,,,,,,
Offaly,,,,,,
Westmeath,,,,,,
Pune,,,,,,
Stuttgart,,,,,,
Deventer,,,,,,
MB-Tex,,,,,,
DENVER,,,,,,
Mountain,,,,,,
Great Lakes,,,,,,
Aya Nagar,,,,,,
Lusitania,,,,,,
Asia,,,,,,
Chennaiites,,,,,,
headlinesbut,,,,,,
NC,,,,,,
Caernarfon,,,,,,
Unsplash,,,,,,
Belfast,,,,,,
west Belfast,,,,,,
Ballymurphy,,,,,,
Bronx,,,,,,
Chinas,,,,,,
New Zealand's,,,,,,
North Island,,,,,,
MANILA,,,,,,
South,,,,,,
Australia,,,,,,
Berlin,,,,,,
Sentinel-1C,,,,,,
South Bay,,,,,,
Poway,,,,,,
the Gulf Stream,,,,,,
the North Atlantic Ocean,,,,,,
Delhi-NCR's,,,,,,
